Student Number,Grade,Weighted GPA,Unweighted GPA,Gender,LunchStatus,Iowa Language,Iowa Math,Iowa Reading,PSAT 8/9,PSAT,PSAT in 10th,PreACT 89,PreACT,ACT,PSAT 89 Math,PSAT 89 Reading/Writing,,Number of Exams taken,Highest Score Earned,AP Average
15,9,,,F,F,79,77,85,940,,,,,,470,470,,,,
16,9,4,4,F,F,96,92,99,1170,,,,,,520,650,,,,
17,9,,,F,F,82,70,84,940,,,,,,410,530,,,,
18,9,,,M,F,69,97,92,1100,,,,,,530,570,,,,
19,9,,,F,F,70,85,97,1090,,,,,,480,610,,,,
20,9,,,M,F,88,99,88,1130,,,,,,610,520,,,,
21,9,,,F,F,87,54,99,950,,,,,,410,540,,,,
22,9,,,F,F,66,94,96,1080,,,,,,500,580,,,,
23,9,,,M,F,79,86,77,1020,,,,,,550,470,,,,
24,9,,,M,F,92,93,99,1090,,,,,,530,560,,,,
25,9,,,F,F,82,72,79,960,,,,,,450,510,,,,
26,9,,,F,F,85,67,99,970,,,,,,440,530,,,,
27,9,,,F,F,64,82,94,990,,,,,,450,540,,,,
28,9,,,F,F,80,98,92,1090,,,,,,530,560,,,,
29,9,,,M,F,86,93,81,920,,,,,,460,460,,,,
30,9,,,F,F,79,90,96,1070,,,,,,500,570,,,,
31,9,,,F,F,98,89,96,1010,,,,,,500,510,,,,
32,9,,,M,F,93,88,90,990,,,,,,480,510,,,,
33,9,,,F,F,88,88,85,1070,,,,,,540,530,,,,
34,9,,,F,F,90,85,88,,,,,,,N/A,N/A,,,,
35,9,,,F,F,93,97,98,1290,,,,,,580,710,,,,
36,9,,,F,F,95,94,97,1140,,,,,,530,610,,,,
37,9,,,F,F,71,88,82,1070,,,,,,530,540,,,,
38,9,,,F,F,76,72,91,1010,,,,,,450,560,,,,
39,9,,,F,F,85,98,74,1010,,,,,,510,500,,,,
40,9,,,M,F,75,94,89,1050,,,,,,520,530,,,,
41,9,,,F,F,83,96,94,,,,,,,N/A,N/A,,,,
42,9,,,M,F,88,99,99,1190,,,,,,620,570,,,,
43,9,,,M,F,77,89,92,1010,,,,,,500,510,,,,
44,9,,,M,F,67,97,99,1230,,,,,,570,660,,,,
45,9,,,M,F,96,92,73,1000,,,,,,540,460,,,,
46,9,,,F,F,80,99,97,1160,,,,,,560,600,,,,
47,9,,,M,F,91,84,65,950,,,,,,480,470,,,,
48,9,,,F,F,96,74,97,1060,,,,,,540,520,,,,
49,9,,,F,F,60,78,97,940,,,,,,450,490,,,,
50,9,,,F,F,98,92,99,1260,,,,,,540,720,,,,
51,9,,,F,F,90,92,73,1010,,,,,,500,510,,,,
52,9,,,M,F,71,99,97,1110,,,,,,510,600,,,,
53,9,,,F,F,84,82,69,980,,,,,,480,500,,,,
54,9,,,M,F,91,72,94,1010,,,,,,410,600,,,,
55,9,,,M,F,42,86,67,950,,,,,,460,490,,,,
56,9,,,M,F,63,79,90,1100,,,,,,550,550,,,,
57,9,,,F,F,,,,1110,,,,,,510,600,,,,
58,9,,,F,F,87,85,80,1010,,,,,,440,570,,,,
59,9,,,F,F,86,87,71,1010,,,,,,450,560,,,,
60,9,,,M,F,73,91,99,1090,,,,,,530,560,,,,
61,9,,,F,F,66,90,89,950,,,,,,500,450,,,,
62,9,,,M,F,82,96,91,1110,,,,,,620,490,,,,
63,9,,,F,F,99,92,99,1110,,,,,,510,600,,,,
64,9,,,M,F,92,88,98,1030,,,,,,480,550,,,,
65,9,,,F,F,99,88,98,1070,,,,,,500,570,,,,
66,9,,,M,F,66,99,92,1070,,,,,,610,460,,,,
67,9,,,M,F,84,92,92,890,,,,,,470,420,,,,
68,9,,,F,F,82,99,91,1030,,,,,,520,510,,,,
69,9,3.5,3.5,M,F,73,84,89,1000,,,,,,500,500,,,,
70,9,,,F,F,91,75,73,970,,,,,,440,530,,,,
71,9,,,M,F,94,99,95,1130,,,,,,590,540,,,,
72,9,,,M,F,80,99,95,1100,,,,,,560,540,,,,
73,9,,,F,F,77,90,89,960,,,,,,440,520,,,,
74,9,,,M,F,87,68,88,1080,,,,,,530,550,,,,
75,9,,,M,F,79,98,96,1030,,,,,,500,530,,,,
76,9,,,M,F,56,98,99,1070,,,,,,520,550,,,,
77,9,,,F,F,81,89,80,1040,,,,,,490,550,,,,
78,9,,,F,F,81,93,97,1080,,,,,,470,610,,,,
79,9,,,F,F,78,85,87,1020,,,,,,520,500,,,,
80,9,,,M,F,90,76,81,1140,,,,,,520,620,,,,
81,9,,,F,F,90,99,98,1310,,,,,,640,670,,,,
82,9,,,F,F,95,70,68,1070,,,,,,480,590,,,,
83,9,,,M,F,89,86,97,1080,,,,,,530,550,,,,
84,9,,,M,F,72,99,98,1030,,,,,,550,480,,,,
85,9,,,F,F,89,74,96,1020,,,,,,420,600,,,,
86,9,,,F,F,79,93,87,1050,,,,,,550,500,,,,
87,9,,,M,F,67,89,83,1080,,,,,,560,520,,,,
88,9,,,M,F,89,74,96,1140,,,,,,490,650,,,,
89,9,,,F,F,90,74,95,930,,,,,,430,500,,,,
333,9,,,F,P,73,97,96,1200,,,,,,620,580,,,,
334,9,,,M,P,93,98,88,1130,,,,,,560,570,,,,
335,9,,,M,P,97,99,99,1300,,,,,,580,720,,,,
336,9,,,F,P,74,72,85,990,,,,,,460,530,,,,
337,9,,,F,P,58,96,94,1220,,,,,,640,580,,,,
338,9,,,M,P,88,96,96,1230,,,,,,570,660,,,,
339,9,,,M,P,85,96,99,1170,,,,,,530,640,,,,
340,9,,,F,P,84,75,80,1000,,,,,,440,560,,,,
341,9,,,M,P,69,96,96,1090,,,,,,470,620,,,,
342,9,,,F,P,84,68,69,1070,,,,,,520,550,,,,
343,9,,,F,P,80,96,96,1060,,,,,,510,550,,,,
344,9,,,M,P,78,99,94,1230,,,,,,610,620,,,,
345,9,,,M,P,92,99,99,1350,,,,,,630,720,,,,
346,9,,,M,P,88,99,92,1030,,,,,,550,480,,,,
347,9,,,M,P,76,96,99,1110,,,,,,520,590,,,,
348,9,,,F,P,84,98,85,1150,,,,,,560,590,,,,
349,9,,,M,P,66,94,84,1260,,,,,,650,610,,,,
350,9,,,M,P,99,99,99,1440,,,,,,720,720,,,,
351,9,3,3,M,P,98,99,99,1100,,,,,,500,600,,,,
352,9,,,F,P,94,81,95,1200,,,,,,600,600,,,,
353,9,,,M,P,91,97,98,1070,,,,,,510,560,,,,
354,9,,,F,P,75,86,90,1010,,,,,,490,520,,,,
355,9,,,F,P,75,99,99,1240,,,,,,520,720,,,,
356,9,,,F,P,80,82,73,1110,,,,,,500,610,,,,
357,9,,,M,P,78,79,94,1100,,,,,,550,550,,,,
358,9,,,F,P,92,98,92,1230,,,,,,570,660,,,,
359,9,,,M,P,91,72,87,980,,,,,,430,550,,,,
360,9,,,M,P,63,86,97,960,,,,,,440,520,,,,
361,9,,,F,P,99,99,99,1390,,,,,,670,720,,,,
362,9,,,M,P,82,99,95,1120,,,,,,500,620,,,,
363,9,,,M,P,85,97,97,1160,,,,,,570,590,,,,
364,9,,,F,P,99,99,98,1160,,,,,,580,580,,,,
365,9,,,F,P,98,66,82,900,,,,,,390,510,,,,
366,9,,,F,P,78,98,99,1160,,,,,,550,610,,,,
367,9,,,F,P,87,79,99,1140,,,,,,610,530,,,,
368,9,,,F,P,78,89,99,1080,,,,,,470,610,,,,
369,9,,,M,P,99,99,99,1340,,,,,,640,700,,,,
370,9,,,F,P,75,82,77,1120,,,,,,570,550,,,,
371,9,,,F,P,76,98,99,1220,,,,,,580,640,,,,
372,9,,,F,P,95,98,99,1290,,,,,,570,720,,,,
373,9,,,M,P,94,99,97,1210,,,,,,600,610,,,,
374,9,,,M,P,82,83,97,1110,,,,,,460,650,,,,
375,9,,,M,P,90,99,92,1260,,,,,,630,630,,,,
376,9,,,F,P,81,97,98,1160,,,,,,510,650,,,,
377,9,,,F,P,80,96,83,1090,,,,,,560,530,,,,
378,9,,,F,P,94,99,99,1170,,,,,,600,570,,,,
379,9,,,F,P,95,98,99,1240,,,,,,600,640,,,,
380,9,,,F,P,,,,1260,,,,,,590,670,,,,
381,9,,,M,P,88,99,92,1070,,,,,,#N/A,#N/A,,,,
382,9,,,M,P,63,97,99,990,,,,,,480,510,,,,
383,9,,,F,P,91,99,99,1050,,,,,,500,550,,,,
384,9,,,F,P,85,97,91,940,,,,,,430,510,,,,
385,9,,,F,P,98,92,99,1150,,,,,,510,640,,,,
386,9,,,M,P,99,99,99,1210,,,,,,560,650,,,,
387,9,,,F,P,96,88,94,1180,,,,,,540,640,,,,
388,9,,,M,P,60,86,94,990,,,,,,510,480,,,,
389,9,,,F,P,76,80,94,1030,,,,,,440,590,,,,
390,9,,,M,P,96,96,99,1160,,,,,,540,620,,,,
391,9,,,M,P,85,86,92,1210,,,,,,560,650,,,,
392,9,,,F,P,82,90,96,1060,,,,,,520,540,,,,
393,9,,,F,P,69,97,96,1150,,,,,,590,560,,,,
394,9,,,M,P,92,97,98,1210,,,,,,530,680,,,,
395,9,,,F,P,87,68,87,990,,,,,,400,590,,,,
396,9,,,M,P,92,99,99,1310,,,,,,620,690,,,,
397,9,,,F,P,94,99,99,1380,,,,,,690,690,,,,
398,9,,,M,P,82,94,81,990,,,,,,520,470,,,,
399,9,,,M,P,80,82,85,820,,,,,,390,430,,,,
400,9,,,F,P,80,90,97,960,,,,,,490,470,,,,
401,9,,,F,P,99,73,92,950,,,,,,440,510,,,,
402,9,,,F,P,99,99,99,1400,,,,,,690,710,,,,
403,9,,,M,P,99,99,99,1340,,,,,,630,710,,,,
404,9,,,F,P,78,75,92,990,,,,,,460,530,,,,
405,9,,,F,P,66,88,94,960,,,,,,490,470,,,,
406,9,,,M,P,76,96,89,1040,,,,,,500,540,,,,
407,9,,,F,P,76,95,79,830,,,,,,530,300,,,,
408,9,,,F,P,70,97,97,1020,,,,,,530,490,,,,
409,9,,,M,P,92,92,99,1120,,,,,,480,640,,,,
410,9,,,M,P,93,94,84,1000,,,,,,450,550,,,,
411,9,,,M,P,81,96,92,1080,,,,,,540,540,,,,
412,9,,,F,P,66,90,77,860,,,,,,450,410,,,,
413,9,,,M,P,95,78,99,1190,,,,,,490,700,,,,
414,9,,,F,P,74,85,96,1150,,,,,,550,600,,,,
415,9,,,M,P,98,99,99,,,,,,,N/A,N/A,,,,
416,9,,,M,P,99,99,99,1330,,,,,,630,700,,,,
417,9,,,F,P,78,79,88,1050,,,,,,570,480,,,,
418,9,,,F,P,84,91,99,1160,,,,,,530,630,,,,
419,9,,,F,P,92,93,97,1100,,,,,,480,620,,,,
420,9,,,F,P,80,86,69,1040,,,,,,540,500,,,,
421,9,,,M,P,57,92,99,1190,,,,,,540,650,,,,
422,9,,,M,P,73,93,73,1060,,,,,,540,520,,,,
423,9,,,M,P,82,97,96,1160,,,,,,620,540,,,,
424,9,,,M,P,56,99,99,1060,,,,,,560,500,,,,
425,9,3,3,F,P,68,88,96,1030,,,,,,480,550,,,,
426,9,,,M,P,97,99,99,1290,,,,,,630,660,,,,
427,9,,,M,P,99,99,99,1320,,,,,,620,700,,,,
428,9,,,F,P,99,99,96,1250,,,,,,570,680,,,,
429,9,,,F,P,94,95,87,1180,,,,,,530,650,,,,
430,9,,,M,P,99,99,99,1370,,,,,,670,700,,,,
431,9,,,F,P,85,90,85,940,,,,,,460,480,,,,
432,9,,,F,P,98,94,99,1110,,,,,,470,640,,,,
433,9,,,F,P,68,86,95,1020,,,,,,470,550,,,,
434,9,,,F,P,99,99,99,1350,,,,,,660,690,,,,
435,9,,,M,P,62,97,80,1090,,,,,,520,570,,,,
436,9,,,F,P,79,92,85,980,,,,,,480,500,,,,
437,9,,,M,P,89,99,96,1110,,,,,,550,560,,,,
438,9,,,M,P,60,99,98,1030,,,,,,460,570,,,,
439,9,,,M,P,91,66,98,1000,,,,,,390,610,,,,
440,9,,,M,P,99,99,99,1300,,,,,,720,580,,,,
441,9,,,M,P,64,97,99,980,,,,,,480,500,,,,
442,9,,,F,P,80,93,96,1030,,,,,,500,530,,,,
443,9,,,F,P,76,90,86,980,,,,,,500,480,,,,
444,9,,,F,P,82,76,90,1060,,,,,,510,550,,,,
445,9,,,F,P,91,82,98,1070,,,,,,450,620,,,,
446,9,,,F,P,80,65,95,1010,,,,,,530,480,,,,
447,9,,,F,P,89,77,99,1180,,,,,,500,680,,,,
448,9,,,F,P,96,99,90,1050,,,,,,480,570,,,,
449,9,,,M,P,78,99,94,1060,,,,,,580,480,,,,
450,9,,,M,P,60,90,84,1060,,,,,,520,540,,,,
451,9,,,F,P,95,75,67,880,,,,,,440,440,,,,
452,9,,,F,P,79,79,97,1090,,,,,,480,610,,,,
453,9,,,M,P,83,90,93,980,,,,,,470,510,,,,
454,9,,,M,P,82,98,97,1020,,,,,,510,510,,,,
455,9,,,F,P,56,90,71,1040,,,,,,510,530,,,,
456,9,,,M,P,97,99,99,1340,,,,,,620,720,,,,
457,9,,,F,P,80,97,94,1140,,,,,,560,580,,,,
458,9,,,F,P,85,69,92,990,,,,,,460,530,,,,
459,9,,,F,P,90,82,84,870,,,,,,420,450,,,,
460,9,,,M,P,99,99,99,1400,,,,,,680,720,,,,
461,9,,,F,P,93,92,99,1220,,,,,,560,660,,,,
462,9,,,F,P,74,88,87,950,,,,,,480,470,,,,
463,9,,,F,P,79,85,95,1090,,,,,,480,610,,,,
464,9,,,M,P,82,80,93,1100,,,,,,540,560,,,,
465,9,,,M,P,60,86,89,1010,,,,,,520,490,,,,
466,9,,,F,P,92,99,99,1280,,,,,,640,640,,,,
467,9,3,3,M,P,93,99,99,1210,,,,,,540,670,,,,
468,9,,,F,P,76,99,81,1020,,,,,,530,490,,,,
469,9,,,F,P,99,99,99,1320,,,,,,600,720,,,,
470,9,,,F,P,78,78,95,990,,,,,,450,540,,,,
471,9,,,F,P,90,99,95,1120,,,,,,570,550,,,,
472,9,,,F,P,98,99,99,1280,,,,,,560,720,,,,
473,9,,,F,P,75,75,85,1080,,,,,,520,560,,,,
474,9,,,F,P,72,98,89,1040,,,,,,490,550,,,,
475,9,,,M,P,92,99,97,1220,,,,,,610,610,,,,
476,9,,,M,P,80,86,87,1140,,,,,,560,580,,,,
477,9,,,F,P,91,90,71,920,,,,,,500,420,,,,
478,9,,,F,P,90,92,79,980,,,,,,500,480,,,,
479,9,,,M,P,78,98,96,1070,,,,,,500,570,,,,
480,9,,,F,P,92,94,75,980,,,,,,510,470,,,,
481,9,,,M,P,83,96,98,1050,,,,,,470,580,,,,
482,9,,,M,P,71,91,71,1190,,,,,,650,540,,,,
483,9,,,M,P,87,86,99,,,,,,,N/A,N/A,,,,
484,9,4,4,M,P,98,99,99,1330,,,,,,720,610,,,,
485,9,,,F,P,97,99,99,1090,,,,,,530,560,,,,
486,9,,,F,P,93,99,99,1240,,,,,,560,680,,,,
487,9,,,M,P,99,99,99,1240,,,,,,600,640,,,,
488,9,,,F,P,64,90,78,990,,,,,,500,490,,,,
489,9,,,F,P,99,85,99,1270,,,,,,550,720,,,,
490,9,,,F,P,68,82,97,990,,,,,,420,570,,,,
491,9,,,M,P,98,99,99,1440,,,,,,720,720,,,,
492,9,,,M,P,73,73,99,1050,,,,,,470,580,,,,
493,9,,,F,P,90,51,97,910,,,,,,400,510,,,,
494,9,,,M,P,97,99,99,1380,,,,,,680,700,,,,
495,9,,,F,P,93,83,92,950,,,,,,430,520,,,,
496,9,,,M,P,89,99,99,,,,,,,N/A,N/A,,,,
497,9,,,F,P,99,81,99,1220,,,,,,500,720,,,,
498,9,,,F,P,84,74,88,960,,,,,,490,470,,,,
499,9,,,M,P,96,97,90,1140,,,,,,560,580,,,,
500,9,,,M,P,99,81,94,1210,,,,,,560,650,,,,
501,9,,,F,P,99,71,99,1160,,,,,,520,640,,,,
502,9,4,4,M,P,80,98,83,1020,,,,,,510,510,,,,
503,9,,,F,P,72,90,90,1070,,,,,,540,530,,,,
504,9,,,M,P,70,67,92,890,,,,,,410,480,,,,
505,9,,,F,P,77,86,94,1110,,,,,,540,570,,,,
506,9,,,M,P,70,96,86,1020,,,,,,510,510,,,,
507,9,,,F,P,68,78,88,940,,,,,,470,470,,,,
508,9,,,M,P,72,72,95,910,,,,,,420,490,,,,
509,9,,,F,P,89,98,99,1150,,,,,,540,610,,,,
510,9,,,F,P,85,72,90,980,,,,,,430,550,,,,
511,9,4,4,F,P,66,78,92,1030,,,,,,510,520,,,,
512,9,,,F,P,82,72,99,1070,,,,,,450,620,,,,
513,9,,,F,P,90,86,99,1140,,,,,,520,620,,,,
514,9,,,M,P,93,97,99,1180,,,,,,570,610,,,,
515,9,,,M,P,75,88,93,1030,,,,,,470,560,,,,
516,9,,,F,P,88,86,97,1100,,,,,,520,580,,,,
517,9,,,M,P,99,99,99,1310,,,,,,650,660,,,,
518,9,,,F,P,,,,1070,,,,,,460,610,,,,
519,9,,,F,P,88,83,99,1280,,,,,,580,700,,,,
999,9,,,F,R,88,90,94,990,,,,,,430,560,,,,
1000,9,,,M,R,69,97,99,1090,,,,,,540,550,,,,
1001,9,,,M,R,87,78,99,980,,,,,,450,530,,,,
1002,9,,,M,R,92,84,95,1000,,,,,,460,540,,,,
1003,9,,,M,R,97,97,89,1040,,,,,,500,540,,,,
1004,9,,,M,R,73,92,96,980,,,,,,480,500,,,,
1005,9,,,M,R,84,99,97,1060,,,,,,560,500,,,,
1006,9,,,M,R,99,99,98,1360,,,,,,640,720,,,,
1007,9,,,M,R,88,90,82,1030,,,,,,500,530,,,,
1008,9,,,F,R,79,86,79,930,,,,,,520,410,,,,
1009,9,,,F,R,66,87,89,980,,,,,,500,480,,,,
1010,9,,,M,R,82,92,81,1060,,,,,,490,570,,,,
1011,9,,,M,R,68,95,82,1130,,,,,,590,540,,,,
1012,9,,,M,R,99,99,99,1340,,,,,,640,700,,,,
1013,9,,,F,R,81,96,75,1100,,,,,,600,500,,,,
1014,9,,,F,R,88,84,79,1080,,,,,,500,580,,,,
1015,9,,,M,R,96,67,85,1110,,,,,,530,580,,,,
1016,9,,,F,R,75,69,90,970,,,,,,480,490,,,,
1017,9,,,F,R,99,99,99,1280,,,,,,600,680,,,,
90,10,3.4271,3.2143,M,F,72,87,75,1020,,1190,25,,,,,,,,
91,10,3.9562,3.6875,F,F,82,79,79,980,,1030,21,,,,,,,,
92,10,3.9625,3.6875,F,F,78,81,89,980,,1140,24,,,,,,,,
93,10,3.7587,3.5,M,F,84,69,99,1140,,990,25,,,,,,,,
94,10,4.32,4,F,F,92,72,99,1130,,1210,24,,,,,,,,
95,10,2.7357,2.5714,M,F,94,99,98,1330,,1230,27,,,,,,,,
96,10,3.2688,3.0625,F,F,89,64,90,960,,990,22,,,,,,,,
97,10,4.0614,3.7857,F,F,66,80,85,1080,,1240,25,,,,,,,,
98,10,2.6875,2.5625,M,F,88,93,85,980,,960,22,,,,,,,,
99,10,3.9814,3.7143,M,F,92,96,97,1130,,1210,24,,,,,,,,
100,10,3.2181,3,M,F,86,93,98,1080,,1120,24,,,,,,,,
101,10,4.0413,3.75,F,F,96,95,74,1110,,1200,23,,,,,,,,
102,10,4.1714,4,F,F,98,76,95,,,980,,,,,,,,,
103,10,3.27,3.125,M,F,83,82,97,,,930,,,,,,,,,
104,10,3.0738,2.875,M,F,93,88,86,980,,1040,23,,,,,,,,
105,10,3.3438,3.125,F,F,88,74,79,950,,1000,21,,,,,,,,
106,10,3.8875,3.625,F,F,69,89,99,1090,,1120,27,,,,,,,,
107,10,3.71,3.5,F,F,80,83,85,880,,1000,22,,,,,,,,
108,10,4.2456,3.9375,M,F,99,99,99,1330,,1310,28,,,,,,,,
109,10,3.9871,3.7143,F,F,94,86,94,1130,,1170,25,,,,,,,,
110,10,4.31,4,M,F,92,98,99,1270,,1220,27,,,,,,,,
111,10,3.0786,2.9286,F,F,85,98,99,1020,,1040,23,,,,,,,,
112,10,3.0063,2.8125,M,F,83,91,84,1040,,1110,22,,,,,,,,
113,10,4.1625,3.875,F,F,93,81,98,1130,,1220,23,,,,,,,,
114,10,3.2,3,F,F,72,81,92,990,,1080,23,,,,,,,,
115,10,4,3.875,M,F,95,84,95,,,1120,,,,,,,,,
116,10,2.6875,2.5,M,F,66,93,99,1020,,1140,25,,,,,,,,
117,10,2.9714,2.7857,M,F,53,90,92,960,,1070,22,,,,,,,,
118,10,3.0738,2.875,F,F,72,69,96,1040,,1020,20,,,,,,,,
119,10,4.1719,3.875,M,F,90,81,95,1200,,1200,24,,,,,,,,
120,10,3.1316,3.0526,M,F,79,93,99,1070,,1070,26,,,,,,,,
121,10,3.4825,3.25,F,F,99,88,99,1010,,1120,24,,,,,,,,
122,10,3.0357,2.8571,F,F,94,71,85,900,,970,21,,,,,,,,
123,10,4.0437,3.8125,F,F,86,90,92,1140,,1190,,,,,,,,,
124,10,2.9325,2.75,M,F,67,75,98,960,,1100,23,,,,,,,,
125,10,3.5786,3.3571,F,F,89,81,85,960,,1060,22,,,,,,,,
126,10,3.1143,2.9286,M,F,66,98,80,1100,,1120,26,,,,,,,,
127,10,3.625,3.375,F,F,74,84,73,940,,1020,18,,,,,,,,
128,10,2.8714,2.7143,M,F,59,86,90,950,,990,18,,,,,,,,
129,10,4.1725,3.875,M,F,82,95,92,1220,,1230,24,,,,,,,,
130,10,4.05,3.7857,F,F,70,99,92,1040,,1130,24,,,,,,,,
131,10,2.885,2.6875,M,F,,,,1110,,1090,28,,,,,,,,
132,10,3.5,3.2857,F,F,88,71,80,940,,960,23,,,,,,,,
133,10,4.1625,3.875,M,F,84,98,83,950,,1160,20,,,,,,,,
134,10,2.0059,1.8824,M,F,97,66,97,1030,,1160,26,,,,,,,,
135,10,2.7929,2.6429,M,F,86,78,93,950,,970,26,,,,,,,,
136,10,2.6571,2.5,F,F,74,69,98,1000,,1080,24,,,,,,,,
137,10,4.0437,3.8125,F,F,96,77,85,990,,1020,23,,,,,,,,
138,10,4.26,4,F,F,99,99,98,1240,,1320,25,,,,,,,,
139,10,4.315,4,M,F,99,99,99,1290,,1360,30,,,,,,,,
140,10,3.9137,3.6875,F,F,92,75,88,980,,1100,24,,,,,,,,
141,10,4.2412,3.9375,M,F,99,36,97,1150,,1160,24,,,,,,,,
142,10,3.9062,3.6875,F,F,99,67,92,1020,,1010,24,,,,,,,,
143,10,2.5143,2.3571,F,F,86,66,84,1020,,1230,25,,,,,,,,
144,10,3.51,3.2857,M,F,74,95,98,1030,,1150,23,,,,,,,,
145,10,3.9086,3.6429,M,F,99,99,99,1320,,1300,29,,,,,,,,
146,10,3.43,3.2143,F,F,74,76,93,1040,,1030,22,,,,,,,,
147,10,3.6813,3.4375,F,F,91,54,99,1030,,1110,23,,,,,,,,
148,10,2.9563,2.75,F,F,78,67,92,1070,,1120,27,,,,,,,,
520,10,3.6863,3.4375,F,P,85,76,85,1040,,1070,21,,,,,,,,
521,10,4.31,4,F,P,99,99,99,1300,,1430,29,,,,,,,,
522,10,3.88,3.6,F,P,92,76,75,970,,1000,,,,,,,,,
523,10,3.3429,3.1429,M,P,62,92,99,980,,1030,23,,,,,,,,
524,10,4.3086,4,F,P,85,92,99,1130,,1220,27,,,,,,,,
525,10,2.778,2.65,F,P,98,90,96,1150,,,29,,,,,,,,
526,10,3.6456,3.4375,F,P,84,66,92,960,,1000,21,,,,,,,,
527,10,4,4,F,P,,,,,,1210,,,,,,,,,
528,10,3.9814,3.7143,M,P,80,86,79,950,,1050,22,,,,,,,,
529,10,3.5763,3.375,F,P,80,95,84,1240,,1210,25,,,,,,,,
530,10,3.0357,2.8571,M,P,81,81,89,930,,960,21,,,,,,,,
531,10,4.2506,3.9375,F,P,57,95,99,1250,,1190,27,,,,,,,,
532,10,4.1037,3.8125,F,P,87,62,92,1130,,1100,25,,,,,,,,
533,10,3.7462,3.6923,M,P,,,,,,1100,,,,,,,,,
534,10,4.025,3.75,M,P,52,88,96,1040,,1210,24,,,,,,,,
535,10,2.675,2.5,M,P,89,87,82,990,,1040,22,,,,,,,,
536,10,2.8365,2.6471,M,P,95,96,98,1050,,1170,23,,,,,,,,
537,10,2.5093,2.3571,M,P,89,70,99,1250,,1300,25,,,,,,,,
538,10,3.765,3.5,F,P,93,98,99,1130,,1220,27,,,,,,,,
539,10,3.925,3.875,M,P,97,82,95,,,1190,,,,,,,,,
540,10,4.1725,3.875,F,P,88,98,95,1080,,1160,24,,,,,,,,
541,10,4.0312,3.75,M,P,84,99,99,1130,,1150,26,,,,,,,,
542,10,4.2971,4,F,P,97,72,90,1080,,1330,27,,,,,,,,
543,10,3.8143,3.5714,F,P,84,93,92,1080,,1230,22,,,,,,,,
544,10,3.0875,2.875,F,P,99,93,99,1220,,1080,25,,,,,,,,
545,10,4.32,4,F,P,96,96,99,1260,,1230,28,,,,,,,,
546,10,3.3438,3.125,M,P,,,,1180,,1170,26,,,,,,,,
547,10,4.2312,3.9375,M,P,98,85,97,1070,,1110,24,,,,,,,,
548,10,3.6812,3.4375,M,P,91,87,88,940,,1090,28,,,,,,,,
549,10,3.5525,3.3125,M,P,88,83,96,1040,,1050,20,,,,,,,,
550,10,3.35,3.1429,M,P,60,95,86,1030,,1090,21,,,,,,,,
551,10,2.4307,2.2857,M,P,87,88,63,910,,1020,19,,,,,,,,
552,10,4.32,4,M,P,96,99,99,1240,,1340,28,,,,,,,,
553,10,3.9931,3.75,F,P,98,95,99,1090,,1150,24,,,,,,,,
554,10,3.7175,3.5,F,P,94,98,88,1040,,1050,24,,,,,,,,
555,10,2.8138,2.625,M,P,99,65,99,1030,,1090,23,,,,,,,,
556,10,3.48,3.25,F,P,88,84,82,1000,,1000,20,,,,,,,,
557,10,3.7687,3.5625,F,P,88,96,96,1130,,1190,23,,,,,,,,
558,10,3.3369,3.0769,M,P,71,96,90,970,,950,,,,,,,,,
559,10,4.3,4,F,P,95,83,98,1040,,1240,26,,,,,,,,
560,10,3.9714,3.7143,M,P,85,95,98,1090,,1160,23,,,,,,,,
561,10,4.2918,4,F,P,99,99,99,1370,,1500,29,,,,,,,,
562,10,4.1238,3.8125,M,P,70,98,94,1050,,1120,22,,,,,,,,
563,10,3.9029,3.6429,F,P,72,78,84,1000,,1110,24,,,,,,,,
564,10,3.4175,3.1875,M,P,93,81,99,,,1230,25,,,,,,,,
565,10,4.31,4,M,P,99,99,98,1390,,1350,28,,,,,,,,
566,10,4.32,4,F,P,74,80,97,1120,,1220,24,,,,,,,,
567,10,3.5,3.2857,F,P,91,76,99,1030,,1040,22,,,,,,,,
568,10,4.1725,3.875,F,P,98,92,99,1180,,1140,27,,,,,,,,
569,10,3.9043,3.6429,F,P,68,90,92,1010,,1010,24,,,,,,,,
570,10,4.2971,4,F,P,95,99,94,1050,,1260,26,,,,,,,,
571,10,3.345,3.125,F,P,88,99,99,1050,,1080,22,,,,,,,,
572,10,3.5575,3.3125,M,P,99,86,99,1190,,1130,26,,,,,,,,
573,10,4.2125,3.875,F,P,96,73,96,,,1170,,,,,,,,,
574,10,3.15,2.9375,M,P,92,76,73,1030,,1070,18,,,,,,,,
575,10,4.27,4,F,P,96,99,99,1440,,1430,28,,,,,,,,
576,10,3.1286,2.9286,M,P,84,93,96,970,,1050,25,,,,,,,,
577,10,3.9563,3.6875,F,P,90,91,97,1010,,1120,26,,,,,,,,
578,10,3.9094,3.625,F,P,92,89,99,1140,,1120,26,,,,,,,,
579,10,4.3,4,M,P,97,97,99,1280,,1330,25,,,,,,,,
580,10,3.6714,3.4286,M,P,92,90,98,1110,,1160,24,,,,,,,,
581,10,3.6887,3.4375,F,P,78,99,97,1070,,1140,19,,,,,,,,
582,10,3.3488,3.125,F,P,82,80,96,1000,,1180,25,,,,,,,,
583,10,4.315,4,F,P,97,99,93,1250,,1370,28,,,,,,,,
584,10,2.66,2.5,F,P,75,88,93,990,,990,21,,,,,,,,
585,10,3.4256,3.2222,F,P,72,78,97,1120,,1140,21,,,,,,,,
586,10,3.2158,3,F,P,95,96,96,1160,,1110,25,,,,,,,,
587,10,3.9771,3.7143,F,P,97,96,96,1170,,1150,24,,,,,,,,
588,10,3.2137,3,F,P,71,91,99,870,,790,20,,,,,,,,
589,10,2.4938,2.3125,M,P,90,95,99,1100,,1220,24,,,,,,,,
590,10,3.8337,3.5625,M,P,77,97,97,1360,,1230,28,,,,,,,,
591,10,3.8294,3.5882,F,P,81,65,99,1120,,1130,23,,,,,,,,
592,10,4.32,4,F,P,98,95,99,1230,,1270,26,,,,,,,,
593,10,4.31,4,F,P,85,78,98,1100,,1280,25,,,,,,,,
594,10,2.7625,2.625,M,P,60,99,93,970,,880,20,,,,,,,,
595,10,4.32,4,M,P,98,99,95,1250,,1160,25,,,,,,,,
596,10,3.6571,3.4286,F,P,75,76,83,1030,,1010,22,,,,,,,,
597,10,3.4357,3.2143,M,P,84,94,94,1100,,1220,25,,,,,,,,
598,10,4.2594,3.9412,M,P,97,99,97,1310,,1430,30,,,,,,,,
599,10,4.27,4,F,P,74,93,99,1190,,1170,25,,,,,,,,
600,10,3.8214,3.5714,F,P,86,67,84,970,,1010,21,,,,,,,,
601,10,4.035,3.75,F,P,87,99,98,1100,,1170,27,,,,,,,,
602,10,2.8625,2.6875,M,P,,,,860,,1000,17,,,,,,,,
603,10,3.1214,2.9286,F,P,84,95,99,1020,,1050,23,,,,,,,,
604,10,3.0514,3,M,P,98,93,99,,,1000,,,,,,,,,
605,10,3.3514,3.1429,M,P,75,93,75,880,,1050,22,,,,,,,,
606,10,3.5437,3.3125,F,P,98,85,99,1080,,1210,27,,,,,,,,
607,10,3.2387,3.0625,F,P,94,83,90,1070,,990,19,,,,,,,,
608,10,3.9771,3.7143,F,P,73,77,95,1010,,1030,23,,,,,,,,
609,10,4.2186,3.9286,F,P,82,98,97,1040,,1190,24,,,,,,,,
610,10,3.8238,3.5625,F,P,90,99,94,1080,,1070,24,,,,,,,,
611,10,4.2186,3.9286,M,P,82,98,90,1040,,1050,21,,,,,,,,
612,10,3.7557,3.5,F,P,80,94,97,1030,,1160,22,,,,,,,,
613,10,4.32,4,F,P,98,99,97,1130,,1180,22,,,,,,,,
614,10,3.7457,3.5,F,P,84,86,99,1020,,1140,24,,,,,,,,
615,10,4.035,3.75,F,P,88,72,99,1030,,1130,27,,,,,,,,
616,10,3.6813,3.4375,F,P,81,60,99,1040,,1080,20,,,,,,,,
617,10,4.1675,3.875,F,P,79,77,98,1110,,1130,24,,,,,,,,
618,10,3.875,3.875,M,P,90,76,91,,,1080,,,,,,,,,
619,10,4.0525,3.8125,F,P,96,86,95,1100,,1120,25,,,,,,,,
620,10,3.7637,3.5,F,P,97,93,99,1170,,1190,26,,,,,,,,
621,10,4.0571,3.7857,F,P,99,88,99,1200,,1270,26,,,,,,,,
622,10,4.27,4,F,P,96,98,99,1340,,1270,29,,,,,,,,
623,10,4.0437,3.8125,F,P,78,88,88,1130,,1080,23,,,,,,,,
624,10,2.6571,2.5,M,P,79,74,84,930,,1040,20,,,,,,,,
625,10,3.9163,3.6875,M,P,87,71,95,1000,,1280,22,,,,,,,,
626,10,3.1143,2.9286,M,P,76,72,90,940,,1120,20,,,,,,,,
627,10,2.1188,2,F,P,52,86,96,950,,930,22,,,,,,,,
628,10,3.0813,2.875,M,P,67,79,99,960,,1100,22,,,,,,,,
629,10,4.3,4,M,P,99,99,99,1380,,1460,29,,,,,,,,
630,10,4.1625,3.875,M,P,98,93,78,1020,,1100,23,,,,,,,,
631,10,4.1125,3.875,M,P,99,93,96,1090,,1160,26,,,,,,,,
632,10,4.3153,4,F,P,91,99,94,1280,,1370,26,,,,,,,,
633,10,4.0987,3.8125,F,P,93,96,99,1200,,1240,28,,,,,,,,
634,10,3.5875,3.5,F,P,89,76,96,,,980,27,,,,,,,,
635,10,3.9814,3.7143,F,P,99,88,99,1110,,1160,28,,,,,,,,
636,10,3.2314,3,M,P,99,63,99,1130,,1240,26,,,,,,,,
637,10,4.2412,3.9375,F,P,96,97,99,1130,,1180,25,,,,,,,,
638,10,4.3,4,M,P,97,99,92,1190,,1240,26,,,,,,,,
639,10,4.33,4,F,P,99,99,99,1390,,1330,28,,,,,,,,
640,10,4.32,4,F,P,73,89,99,,,1290,24,,,,,,,,
641,10,4.2971,4,M,P,95,95,99,1100,,1200,25,,,,,,,,
642,10,3.9163,3.6875,F,P,92,75,84,970,,970,23,,,,,,,,
643,10,4.26,4,F,P,79,88,98,,,1160,26,,,,,,,,
644,10,3.4522,3.2222,F,P,95,99,99,1210,,1250,26,,,,,,,,
645,10,4.22,3.9286,M,P,99,99,99,1310,,1390,29,,,,,,,,
646,10,4.31,4,F,P,89,99,99,1300,,1350,28,,,,,,,,
647,10,2.63,2.4375,F,P,71,81,90,950,,900,22,,,,,,,,
648,10,3.685,3.4286,F,P,90,88,99,1150,,1150,26,,,,,,,,
649,10,4.0721,3.7857,F,P,85,90,92,1100,,1250,24,,,,,,,,
650,10,4.0937,3.8125,M,P,71,85,79,1050,,1130,25,,,,,,,,
651,10,4.1725,3.875,M,P,97,99,98,1260,,1360,26,,,,,,,,
652,10,4.1175,3.8125,M,P,74,99,97,1340,,1360,29,,,,,,,,
653,10,3.8287,3.5625,F,P,99,96,99,1220,,1240,25,,,,,,,,
654,10,3.9063,3.6875,F,P,81,77,98,1000,,1060,25,,,,,,,,
655,10,3.7725,3.5,M,P,95,99,99,1440,,1340,27,,,,,,,,
656,10,4.31,4,M,P,78,99,99,1330,,1290,28,,,,,,,,
657,10,4.2971,4,M,P,81,90,74,1060,,1160,22,,,,,,,,
658,10,4.2971,4,M,P,62,96,96,1160,,1260,26,,,,,,,,
659,10,4.31,4,F,P,84,74,98,1050,,1160,24,,,,,,,,
660,10,4.06,3.7857,F,P,73,99,99,1090,,1200,23,,,,,,,,
661,10,3.745,3.5,F,P,60,89,96,1090,,1100,21,,,,,,,,
662,10,4.1088,3.8125,M,P,97,90,99,1000,,1160,26,,,,,,,,
663,10,4.0938,3.8125,M,P,78,79,96,990,,1020,20,,,,,,,,
664,10,2.9375,2.75,M,P,64,90,86,990,,980,22,,,,,,,,
665,10,3.1286,2.9286,M,P,78,79,88,900,,1080,19,,,,,,,,
666,10,3.9025,3.625,M,P,96,99,99,1330,,1280,29,,,,,,,,
667,10,2.6763,2.5,F,P,82,90,99,990,,980,21,,,,,,,,
668,10,4.33,4,F,P,98,99,99,1370,,1520,27,,,,,,,,
669,10,3.9562,3.6875,F,P,91,57,90,1030,,1090,24,,,,,,,,
670,10,3.2812,3.0625,M,P,96,89,92,1030,,1140,24,,,,,,,,
671,10,3.5786,3.3571,M,P,71,78,98,980,,1110,23,,,,,,,,
672,10,4.1119,3.8125,M,P,85,99,99,1350,,1380,30,,,,,,,,
673,10,3.9814,3.7143,F,P,95,74,99,1000,,1190,23,,,,,,,,
674,10,4.32,4,M,P,95,99,99,,,1340,29,,,,,,,,
675,10,3.9,3.6429,F,P,92,66,99,1070,,1220,24,,,,,,,,
676,10,3.2643,3.0714,M,P,96,63,75,830,,960,24,,,,,,,,
677,10,4.32,4,F,P,80,88,98,1120,,1140,24,,,,,,,,
678,10,4.2312,3.9375,M,P,99,90,96,1140,,1320,26,,,,,,,,
679,10,2.7937,2.625,M,P,96,73,86,1040,,1040,19,,,,,,,,
680,10,4,4,F,P,95,73,95,,,1140,,,,,,,,,
681,10,4.31,4,F,P,98,99,99,1320,,1370,30,,,,,,,,
682,10,4.315,4,F,P,90,99,96,1420,,1350,28,,,,,,,,
683,10,4.2857,4,F,P,90,74,91,940,,1130,22,,,,,,,,
684,10,3.45,3.2143,M,P,99,99,99,1230,,1220,27,,,,,,,,
685,10,3.1229,2.9286,F,P,99,83,84,940,,1040,22,,,,,,,,
686,10,3.8875,3.625,F,P,82,82,89,1110,,1140,24,,,,,,,,
687,10,4.0614,3.7857,F,P,99,92,96,1260,,1140,27,,,,,,,,
688,10,3.2429,3.0714,F,P,78,69,85,920,,960,20,,,,,,,,
689,10,3.6729,3.4286,F,P,86,72,95,1080,,1060,23,,,,,,,,
690,10,2.8929,2.7143,M,P,99,99,97,980,,1100,24,,,,,,,,
691,10,3.9936,3.7143,F,P,67,99,99,1290,,1270,27,,,,,,,,
692,10,2.5125,2.375,F,P,96,67,96,890,,860,20,,,,,,,,
693,10,3.9988,3.75,M,P,90,96,97,,,1140,,,,,,,,,
694,10,4.0437,3.8125,F,P,68,86,84,900,,980,20,,,,,,,,
695,10,4.0525,3.8125,F,P,97,72,94,1120,,1160,25,,,,,,,,
696,10,3.475,3.25,M,P,99,90,99,1100,,1150,23,,,,,,,,
1018,10,3.9756,3.6875,F,R,97,99,99,1260,,1340,27,,,,,,,,
1019,10,2.9375,2.75,M,R,86,83,88,930,,950,,,,,,,,,
1020,10,4.2312,3.9375,F,R,69,79,84,1050,,1110,22,,,,,,,,
1021,10,2.4765,2.3529,F,R,82,78,79,910,,890,18,,,,,,,,
1022,10,3.0075,2.8125,M,R,84,89,98,990,,980,22,,,,,,,,
1023,10,3.2778,3.0556,M,R,99,77,98,,,1210,24,,,,,,,,
1024,10,3.2,3,M,R,78,72,88,970,,1040,19,,,,,,,,
1025,10,3.8257,3.5714,F,R,89,66,95,1050,,1130,21,,,,,,,,
1026,10,3.275,3.0625,F,R,79,91,97,1070,,1100,21,,,,,,,,
1027,10,3.7067,3.5333,M,R,,,,,,1020,,,,,,,,,
1028,10,3.9563,3.6875,F,R,88,76,92,960,,1030,23,,,,,,,,
1029,10,3.6721,3.4286,F,R,76,99,97,1120,,1100,24,,,,,,,,
1030,10,4.1181,3.8125,F,R,86,89,77,1040,,1080,24,,,,,,,,
1031,10,4.05,3.7857,F,R,78,83,98,1120,,1130,22,,,,,,,,
1032,10,3.55,3.3125,F,R,73,80,93,1080,,1070,23,,,,,,,,
1033,10,4.1625,3.875,M,R,76,90,93,1040,,1150,22,,,,,,,,
1034,10,4.025,3.75,M,R,84,90,95,1040,,1100,24,,,,,,,,
1035,10,4.31,4,F,R,91,99,95,1170,,1300,28,,,,,,,,
1,11,3.6114,3.3571,F,F,,,,1080,1120,1000,22,24,,,,,4,3,2
3,11,3.7807,3.5,F,F,,,,1020,1100,1020,20,21,,,,,4,3,2.5
4,11,3.0147,2.8,F,F,,,,960,1030,1060,22,24,,,,,1,3,3
5,11,3.6077,3.5,M,F,89,87,97,#N/A,1090,1020,,20,,,,,3,4,3
6,11,3.9346,3.6429,F,F,,,,1020,1070,1050,22,23,,,,,4,4,3.25
8,11,4.2807,3.9643,F,F,,,,#N/A,1270,1150,28,30,,,,,2,4,3.5
9,11,4.325,3.9688,F,F,,,,1170,1210,1190,26,26,,,,,3,5,3.666666667
10,11,3.4014,3.25,F,F,90,67,90,#N/A,1060,1070,,20,,,,,5,5,3.8
14,11,3.8667,3.5667,M,F,,,,#N/A,1420,1280,30,,,,,,3,5,4.666666667
149,11,4.1943,3.8571,F,F,,,,#N/A,1350,1240,26,29,,,,,,,
150,11,3.7933,3.6667,F,F,99,52,82,#N/A,1070,1010,,20,,,,,,,
151,11,3.23,3.1,F,F,88,79,76,#N/A,1070,1020,,20,,,,,,,
152,11,2.7333,2.5333,M,F,,,,1130,1250,1160,,26,,,,,,,
153,11,3.568,3.3333,M,F,,,,1120,1270,1170,25,24,,,,,,,
154,11,3.2019,2.9677,M,F,,,,1020,1140,1060,22,19,,,,,,,
155,11,3.8573,3.6,F,F,,,,1020,1130,1040,21,24,,,,,,,
156,11,4.3453,3.9688,M,F,,,,1330,1510,1300,30,33,,,,,,,
157,11,2.75,2.6786,M,F,92,67,87,#N/A,820,960,,21,,,,,,,
158,11,2.7185,2.5185,M,F,,,,#N/A,1110,1090,22,23,,,,,,,
159,11,3.0308,2.8077,M,F,,,,1080,920,1110,19,22,,,,,,,
160,11,2.9903,2.8065,M,F,,,,1130,1300,1270,28,30,,,,,,,
161,11,3.4407,3.1667,M,F,,,,960,1130,1120,24,24,,,,,,,
162,11,3.5821,3.4643,F,F,88,76,75,#N/A,1080,990,,21,,,,,,,
163,11,3.218,2.9667,M,F,,,,1100,1120,1040,17,24,,,,,,,
164,11,4.3003,3.9355,F,F,,,,1190,1430,1270,27,29,,,,,,,
165,11,3.5296,3.25,F,F,,,,1080,1240,1040,23,24,,,,,,,
166,11,3.8007,3.5,M,F,,,,1100,1220,1180,25,23,,,,,,,
167,11,3.9036,3.6111,F,F,,,,1040,1280,1170,,25,,,,,,,
168,11,3.67,3.4333,F,F,,,,1020,1140,1080,,23,,,,,,,
169,11,3.8771,3.5714,F,F,,,,1190,1240,1220,28,32,,,,,,,
170,11,3.5821,3.4643,M,F,,,,#N/A,1090,1020,,22,,,,,,,
171,11,2.738,2.5333,F,F,,,,#N/A,1240,1290,29,31,,,,,,,
172,11,3.135,3.0357,M,F,90,70,93,#N/A,1060,,,22,,,,,,,
173,11,3.22,3,F,F,,,,1060,1090,1070,23,23,,,,,,,
174,11,2.8828,2.7931,F,F,82,79,89,#N/A,1010,890,,20,,,,,,,
175,11,3.8421,3.5357,F,F,,,,1060,1190,1060,20,23,,,,,,,
176,11,3.8847,3.6,F,F,,,,1080,1140,1160,21,23,,,,,,,
177,11,3.9582,3.6765,F,F,,,,1100,1190,1180,26,26,,,,,,,
178,11,3.2552,3.0345,F,F,,,,980,1130,1060,20,23,,,,,,,
179,11,4,3.7,F,F,,,,1040,1250,1070,23,29,,,,,,,
180,11,3.7971,3.5,M,F,,,,1130,1110,1120,23,24,,,,,,,
181,11,3.3029,3.0714,F,F,,,,1020,1140,1030,23,22,,,,,,,
182,11,3.1615,3.0769,F,F,93,82,90,#N/A,980,860,,20,,,,,,,
183,11,3.78,3.6538,F,F,84,76,74,#N/A,,950,,22,,,,,,,
184,11,3.2871,3.0323,M,F,,,,910,1180,1050,23,23,,,,,,,
185,11,3.9544,3.6471,F,F,,,,1070,1120,1040,21,21,,,,,,,
186,11,3.38,3.2667,F,F,98,79,77,#N/A,1100,1010,,21,,,,,,,
187,11,3.6071,3.5,F,F,97,70,88,#N/A,980,960,,19,,,,,,,
188,11,3.0621,2.8571,F,F,,,,930,1000,980,19,22,,,,,,,
189,11,3.628,3.3667,M,F,,,,1120,1220,1160,24,25,,,,,,,
190,11,3.4852,3.2581,F,F,,,,#N/A,1150,1010,,22,,,,,,,
191,11,3.1873,2.9667,M,F,,,,1030,1070,1060,20,24,,,,,,,
192,11,3.4767,3.2333,M,F,,,,980,1160,1050,25,24,,,,,,,
193,11,4.318,3.9667,F,F,,,,1060,1290,1080,25,26,,,,,,,
194,11,3.7273,3.4333,M,F,,,,1080,1140,1180,21,22,,,,,,,
195,11,3.7812,3.4706,F,F,,,,1090,1170,1200,24,25,,,,,,,
196,11,3.568,3.3,M,F,,,,1080,1250,1180,,25,,,,,,,
197,11,3.66,3.3571,F,F,,,,1120,1200,1180,21,27,,,,,,,
198,11,2.9807,2.8214,F,F,,,,1050,1080,950,15,22,,,,,,,
199,11,4.1634,3.8276,F,F,,,,910,1230,1100,24,24,,,,,,,
200,11,4.0587,3.7333,M,F,,,,1180,1320,1140,25,29,,,,,,,
246,11,3.8121,3.5,M,P,,,,1150,1260,1230,25,29,,,,,1,1,1
249,11,3.9307,3.6429,M,P,,,,950,1280,1140,19,22,,,,,3,2,1.666666667
250,11,4.35,4,M,P,99,99,99,#N/A,1520,1400,,,,,,,1,2,2
251,11,4.27,3.9286,F,P,,,,1260,1250,1210,27,31,,,,,1,2,2
252,11,4.3345,3.9655,M,P,,,,1280,1430,1270,28,31,,,,,2,3,2
258,11,3.9533,3.6333,M,P,,,,1030,1400,1160,24,26,,,,,5,4,2.2
259,11,3.5229,3.25,F,P,,,,1050,1180,950,21,,,,,,4,3,2.25
260,11,4.2803,3.9375,F,P,,,,1170,1410,1100,24,27,,,,,4,3,2.5
261,11,3.7653,3.4667,M,P,,,,1160,1170,1130,22,23,,,,,6,3,2.5
262,11,3.7487,3.5,F,P,,,,1140,1170,1090,25,23,,,,,7,3,2.571428571
267,11,3.3183,3.1,M,P,,,,1180,1240,1150,,27,,,,,12,4,2.833333333
268,11,3.9847,3.6667,F,P,,,,1050,1280,1000,18,24,,,,,2,3,3
269,11,3.1,2.9643,F,P,93,84,95,#N/A,1140,990,,20,,,,,2,3,3
270,11,3.5257,3.25,F,P,82,86,78,#N/A,1090,940,,22,,,,,5,5,3
271,11,3.9414,3.6429,F,P,,,,940,1190,900,,,,,,,5,4,3
278,11,3.5236,3.25,M,P,,,,#N/A,1340,1240,23,26,,,,,6,4,3.166666667
279,11,3.1724,2.931,M,P,,,,1210,1170,1080,22,25,,,,,5,4,3.2
280,11,4.3173,4,M,P,93,99,99,#N/A,1350,1320,,31,,,,,4,4,3.25
282,11,4.3788,4,M,P,,,,1390,1460,1420,30,35,,,,,3,4,3.333333333
287,11,4.194,3.9,F,P,,,,1080,1160,1050,22,22,,,,,3,4,3.666666667
290,11,4.2463,3.9333,F,P,,,,1150,1150,1180,24,27,,,,,8,5,3.75
291,11,4.1129,3.7857,F,P,,,,1060,1210,1080,23,23,,,,,1,4,4
292,11,4.3256,3.9688,M,P,,,,1300,1360,1250,29,29,,,,,1,4,4
293,11,4.2987,4,F,P,,,,1200,1400,1260,26,28,,,,,1,4,4
294,11,3.5035,3.2647,M,P,,,,940,1140,1050,20,21,,,,,1,4,4
295,11,4.34,4,F,P,,,,1300,1470,1330,29,31,,,,,1,4,4
296,11,3.163,2.9259,M,P,,,,870,930,990,,21,,,,,1,4,4
297,11,2.8973,2.6667,M,P,,,,1110,1070,980,22,20,,,,,1,4,4
298,11,3.5288,3.25,F,P,,,,1060,1180,1010,23,23,,,,,1,4,4
299,11,3.5973,3.3333,F,P,,,,#N/A,1260,1160,25,26,,,,,1,4,4
300,11,3.2907,3.0333,M,P,,,,1070,1200,1170,,27,,,,,1,4,4
301,11,4.0213,3.7,M,P,,,,1100,1270,,23,25,,,,,2,4,4
302,11,4.335,3.9688,M,P,,,,1290,1390,1210,28,32,,,,,2,4,4
303,11,3.4986,3.2414,F,P,,,,1090,,1070,,25,,,,,3,4,4
304,11,4.2993,3.9667,F,P,,,,1130,1270,1190,23,27,,,,,4,5,4
305,11,4.2814,3.9286,F,P,,,,1160,1220,1140,27,28,,,,,4,5,4
306,11,3.4143,3.1429,M,P,,,,1220,1240,1200,26,25,,,,,7,5,4
320,11,4.3714,4,F,P,,,,1370,1440,1300,29,31,,,,,5,5,4.2
321,11,4.0032,3.6786,F,P,,,,990,,1040,24,23,,,,,8,5,4.25
322,11,3.4876,3.2069,M,P,,,,1010,1100,1040,22,24,,,,,8,5,4.25
323,11,3.548,3.2667,M,P,,,,990,1160,1140,23,26,,,,,6,5,4.333333333
324,11,2.9456,2.7407,M,P,,,,1130,1230,1020,25,25,,,,,9,5,4.333333333
325,11,4.1579,3.8214,F,P,,,,1080,1100,1000,23,22,,,,,5,5,4.4
327,11,3.4157,3.1786,F,P,,,,1040,1170,1050,18,22,,,,,10,5,4.6
328,11,3.5421,3.3448,M,P,89,46,96,#N/A,1080,1010,,16,,,,,8,5,4.75
329,11,4.36,4,M,P,,,,1090,1300,1180,26,24,,,,,1,5,5
330,11,3.6586,3.3571,F,P,,,,980,1180,1150,22,25,,,,,1,5,5
331,11,4.336,4,F,P,,,,1390,1500,1460,29,32,,,,,2,5,5
697,11,4.3813,4,M,P,,,,1370,1450,1440,30,31,,,,,,,
698,11,3.6982,3.5357,F,P,79,62,93,#N/A,970,980,,19,,,,,,,
699,11,4.2759,3.9706,F,P,,,,1170,1310,1250,28,30,,,,,,,
700,11,4.2871,3.9286,F,P,,,,1140,1290,1150,27,29,,,,,,,
701,11,3.8079,3.5,F,P,,,,1100,1150,1030,24,25,,,,,,,
702,11,3.6446,3.4643,M,P,98,82,97,#N/A,1270,1140,,24,,,,,,,
703,11,3.415,3.1429,M,P,,,,1090,1210,1160,22,26,,,,,,,
704,11,3.2514,3,F,P,,,,1160,1140,1120,24,25,,,,,,,
705,11,4.294,3.9333,F,P,,,,1180,1370,1240,,31,,,,,,,
706,11,3.1847,2.9333,F,P,,,,1070,1120,1080,22,26,,,,,,,
707,11,4.25,3.9286,F,P,,,,1170,1240,1170,26,27,,,,,,,
708,11,4.0188,3.6875,M,P,,,,1360,,1410,30,33,,,,,,,
709,11,4.3768,4,F,P,,,,1230,1430,1280,,27,,,,,,,
710,11,3.6007,3.4667,M,P,80,73,93,#N/A,1180,1010,,18,,,,,,,
711,11,4.1268,3.7857,M,P,,,,1270,1440,1330,29,31,,,,,,,
712,11,3.4143,3.1786,F,P,,,,#N/A,1090,900,19,19,,,,,,,
713,11,4.3657,4,F,P,,,,1220,1400,1230,25,30,,,,,,,
714,11,4.35,4,F,P,,,,1230,1410,1250,29,30,,,,,,,
715,11,4.12,3.8,M,P,92,68,98,#N/A,1220,1120,,23,,,,,,,
716,11,4.2473,3.9,M,P,,,,1190,,,24,,,,,,,,
717,11,3.6493,3.3571,M,P,,,,1190,1230,1060,22,24,,,,,,,
718,11,2.8676,2.6552,F,P,,,,910,1100,890,,22,,,,,,,
719,11,3.9633,3.6667,M,P,79,99,65,#N/A,1220,1090,,22,,,,,,,
720,11,3.8321,3.5357,M,P,,,,1050,1170,1090,22,24,,,,,,,
721,11,4.1714,4,F,P,92,73,85,#N/A,1210,1110,,23,,,,,,,
722,11,3.0893,2.8571,F,P,,,,480,1100,1100,24,21,,,,,,,
723,11,4.1115,3.9615,M,P,95,82,90,#N/A,1130,1140,,24,,,,,,,
724,11,3.917,3.6,M,P,,,,1170,1450,1240,27,29,,,,,,,
725,11,3.7747,3.5,F,P,,,,1100,1250,1060,22,25,,,,,,,
726,11,4.252,3.9333,F,P,,,,1150,1210,1180,27,28,,,,,,,
727,11,3.9316,3.6129,M,P,,,,1190,1330,1140,27,29,,,,,,,
728,11,4.275,3.9286,M,P,,,,1090,1240,1110,24,25,,,,,,,
729,11,3.4033,3.1667,M,P,,,,960,1200,900,14,21,,,,,,,
730,11,3.2565,3,F,P,,,,1110,1100,1100,23,23,,,,,,,
731,11,4.3047,3.9667,F,P,,,,1220,1300,1240,27,25,,,,,,,
732,11,2.875,2.6786,M,P,,,,1100,1240,1220,24,25,,,,,,,
733,11,3.0653,2.8333,M,P,,,,1060,1210,1070,17,22,,,,,,,
734,11,4.2364,3.8929,F,P,,,,1090,1310,1230,24,29,,,,,,,
735,11,4.2257,3.9,F,P,,,,1220,1230,1150,26,31,,,,,,,
736,11,3.7888,3.6563,F,P,93,82,78,#N/A,1080,940,,21,,,,,,,
737,11,3.3567,3.1,M,P,,,,1260,1270,1170,27,25,,,,,,,
738,11,3.2227,2.9667,M,P,,,,1110,1180,1090,25,25,,,,,,,
739,11,4.3413,4,F,P,,,,#N/A,1390,1190,27,28,,,,,,,
740,11,4.2676,4,F,P,99,99,99,#N/A,1520,1380,,30,,,,,,,
741,11,3.9553,3.7,F,P,96,90,94,#N/A,1390,1120,,28,,,,,,,
742,11,2.9679,2.8929,F,P,92,59,88,#N/A,1020,950,,20,,,,,,,
743,11,2.9393,2.7143,F,P,,,,1030,1150,1080,21,26,,,,,,,
744,11,3.8331,3.5313,F,P,,,,1040,1190,1190,22,26,,,,,,,
745,11,4.1243,3.7857,F,P,,,,1050,1150,1150,20,25,,,,,,,
746,11,3.0077,2.8,M,P,,,,1090,1090,1030,21,25,,,,,,,
747,11,4.3653,4,F,P,,,,1200,1490,1300,28,30,,,,,,,
748,11,3.227,3,M,P,,,,890,1210,1120,24,23,,,,,,,
749,11,4.3486,4,F,P,,,,#N/A,1390,1220,28,30,,,,,,,
750,11,4,3.7,M,P,,,,1250,1340,1150,28,28,,,,,,,
751,11,4.184,3.8667,F,P,,,,1080,1250,1090,23,25,,,,,,,
752,11,2.7833,2.5667,M,P,,,,1170,1270,1110,25,25,,,,,,,
753,11,4.352,4,F,P,,,,1170,1310,1300,27,29,,,,,,,
754,11,3.4222,3.2963,M,P,78,78,89,#N/A,1120,930,,22,,,,,,,
755,11,3.1077,2.871,F,P,,,,1000,1070,1020,22,22,,,,,,,
756,11,4.1903,3.871,M,P,,,,1120,1370,1140,25,27,,,,,,,
757,11,4.36,4,M,P,,,,1060,1280,1210,25,27,,,,,,,
758,11,2.9167,2.7,M,P,,,,1100,1170,1100,21,23,,,,,,,
759,11,4.2527,3.9,M,P,,,,1210,1280,1240,29,30,,,,,,,
760,11,3.4079,3.1429,M,P,,,,#N/A,1140,860,16,22,,,,,,,
761,11,3.8357,3.5357,M,P,,,,1110,1240,990,17,20,,,,,,,
762,11,3.5943,3.3,F,P,,,,1000,1010,1040,21,20,,,,,,,
763,11,4.2238,3.8846,F,P,,,,1070,1190,1090,24,26,,,,,,,
764,11,4.242,3.9,M,P,,,,1100,1340,1230,24,27,,,,,,,
765,11,3.5869,3.4615,F,P,84,59,96,#N/A,1010,1080,,20,,,,,,,
766,11,4.2663,3.9375,M,P,71,94,75,#N/A,1180,990,,27,,,,,,,
767,11,4.331,4,F,P,,,,1200,1250,1220,24,28,,,,,,,
768,11,3.8627,3.5667,M,P,,,,1320,1420,1290,28,28,,,,,,,
769,11,4.3627,4,F,P,,,,1270,1390,1320,27,29,,,,,,,
770,11,4.106,3.7667,F,P,,,,1160,1080,1140,27,23,,,,,,,
771,11,3.37,3.1333,M,P,,,,930,1020,980,21,23,,,,,,,
772,11,3.6173,3.3333,F,P,,,,#N/A,1200,1140,23,24,,,,,,,
773,11,4.37,4,M,P,,,,1410,1460,1360,30,34,,,,,,,
774,11,3.9947,3.6579,F,P,,,,1130,1120,1140,26,30,,,,,,,
775,11,4.0027,3.7,F,P,,,,1020,1150,1110,22,23,,,,,,,
776,11,3.9637,3.6333,F,P,,,,#N/A,1190,970,23,27,,,,,,,
777,11,2.7523,2.6667,F,P,93,58,93,#N/A,910,920,,14,,,,,,,
778,11,4.3371,4,F,P,,,,1200,1330,1240,27,29,,,,,,,
779,11,3.3443,3.1071,M,P,,,,1170,1190,1190,22,23,,,,,,,
780,11,3.5923,3.3,F,P,,,,1190,1190,1190,,29,,,,,,,
781,11,4.176,3.8333,F,P,,,,1100,1200,1150,25,26,,,,,,,
782,11,3.7871,3.6176,F,P,92,79,95,#N/A,1090,,,25,,,,,,,
783,11,3.6953,3.4,F,P,,,,1030,1200,1140,23,24,,,,,,,
784,11,4.3036,3.9643,F,P,,,,1080,1280,1260,,29,,,,,,,
785,11,3.2667,3.0667,F,P,,,,1000,1050,1060,21,22,,,,,,,
786,11,4.1964,3.8929,M,P,,,,1130,1170,1090,22,25,,,,,,,
787,11,4.2887,3.9667,F,P,,,,1170,1290,1150,26,25,,,,,,,
788,11,3.6547,3.3667,F,P,,,,960,1180,1010,22,22,,,,,,,
789,11,3.9943,3.6786,M,P,,,,1240,1280,1190,26,29,,,,,,,
790,11,3.8379,3.5357,M,P,,,,1180,1190,1050,23,26,,,,,,,
791,11,3.2867,3.0333,M,P,,,,#N/A,1100,1040,23,25,,,,,,,
792,11,4.2786,3.9286,F,P,,,,1200,1190,,25,26,,,,,,,
793,11,3.4344,3.2188,F,P,92,87,99,#N/A,,,,,,,,,,,
794,11,4.0455,3.7241,M,P,,,,1130,1180,1090,25,26,,,,,,,
795,11,4.225,3.8929,M,P,,,,1140,1200,1110,26,23,,,,,,,
796,11,3.9503,3.6333,F,P,,,,1030,1130,1050,20,22,,,,,,,
797,11,3.9325,3.6071,M,P,,,,1280,1300,1270,27,28,,,,,,,
798,11,4.3425,4,M,P,,,,1330,1410,1310,28,30,,,,,,,
799,11,4.2527,3.9,M,P,,,,1030,1430,1180,21,25,,,,,,,
800,11,4.3256,3.9688,F,P,,,,1160,1290,1120,24,30,,,,,,,
801,11,4.3293,3.9643,M,P,,,,1100,1380,1190,27,31,,,,,,,
802,11,4.1629,3.8214,M,P,,,,1080,1260,1220,26,23,,,,,,,
803,11,3.318,3.1,M,P,,,,1110,1290,1180,25,22,,,,,,,
804,11,4.1913,4,F,P,98,98,96,#N/A,#N/A,#N/A,,,,,,,,,
805,11,3.73,3.4333,F,P,,,,1060,1080,1080,21,24,,,,,,,
806,11,4.3855,4,F,P,,,,1330,1400,1350,29,31,,,,,,,
807,11,3.728,3.4333,F,P,,,,1010,1150,1130,22,22,,,,,,,
808,11,4.3613,4,M,P,,,,1300,1490,1260,29,33,,,,,,,
809,11,3.656,3.5333,F,P,98,59,90,#N/A,1120,950,,22,,,,,,,
810,11,4.2647,3.9333,F,P,,,,1200,1330,1200,26,31,,,,,,,
811,11,4.2473,3.9,F,P,,,,1190,1350,1290,27,31,,,,,,,
812,11,4.2993,3.9667,M,P,,,,1080,1260,1140,23,25,,,,,,,
813,11,4.3321,3.9643,F,P,,,,1200,1400,1200,24,27,,,,,,,
814,11,4.1376,3.7931,F,P,,,,1270,1450,1350,29,33,,,,,,,
815,11,3.6214,3.3571,M,P,92,98,97,#N/A,1240,1160,,24,,,,,,,
816,11,3.34,3.2,M,P,93,93,87,#N/A,1130,1040,,26,,,,,,,
817,11,3.9164,3.6071,M,P,,,,890,1080,,21,22,,,,,,,
818,11,4.1367,3.8,M,P,,,,1040,1140,1060,24,24,,,,,,,
819,11,4.3725,4,M,P,,,,1350,1420,1380,30,32,,,,,,,
820,11,3.6456,3.36,F,P,95,82,76,#N/A,1030,1000,,20,,,,,,,
821,11,4.3085,3.9615,F,P,,,,1140,1200,1160,24,23,,,,,,,
822,11,4.3073,3.9667,F,P,,,,1100,1170,1030,23,25,,,,,,,
823,11,2.922,2.7,F,P,,,,940,1140,1160,23,25,,,,,,,
824,11,3.3821,3.1034,M,P,75,91,99,#N/A,1220,920,,26,,,,,,,
825,11,4.2867,3.9333,M,P,,,,990,1270,1230,22,27,,,,,,,
826,11,3.968,3.6667,F,P,,,,#N/A,1310,1170,25,27,,,,,,,
827,11,3.6907,3.3929,F,P,,,,#N/A,1290,1140,24,29,,,,,,,
828,11,3.1097,3,M,P,82,72,98,#N/A,1120,920,,22,,,,,,,
829,11,2.9071,2.7143,M,P,,,,1160,1170,1090,23,24,,,,,,,
830,11,4.2527,3.9,F,P,,,,1010,1150,1080,25,23,,,,,,,
831,11,2.7393,2.5333,M,P,,,,1020,1210,1110,19,22,,,,,,,
832,11,4.068,3.7667,F,P,,,,1060,1190,1050,19,24,,,,,,,
833,11,3.8879,3.6071,M,P,,,,1060,1050,,20,24,,,,,,,
834,11,2.9297,2.7241,F,P,,,,960,970,1010,20,20,,,,,,,
835,11,3.964,3.6667,F,P,,,,1040,1110,1050,23,25,,,,,,,
836,11,3.1,2.8667,M,P,,,,1030,1140,990,19,24,,,,,,,
837,11,3.4713,3.2,M,P,,,,970,1230,1060,22,24,,,,,,,
838,11,4.0393,3.7143,M,P,,,,1070,1240,1050,21,22,,,,,,,
839,11,,,M,P,88,88,99,#N/A,#N/A,#N/A,,,,,,,,,
840,11,3.844,3.5333,F,P,,,,970,1160,1020,21,25,,,,,,,
841,11,4.1153,3.7667,F,P,,,,1220,1450,1160,26,29,,,,,,,
842,11,2.74,2.5556,F,P,,,,950,1040,770,12,19,,,,,,,
843,11,4.05,3.9,F,P,94,84,99,#N/A,1240,1160,,27,,,,,,,
844,11,3.3207,3.0345,F,P,,,,#N/A,1030,,19,,,,,,,,
845,11,2.8357,2.6429,M,P,,,,1010,1130,970,19,21,,,,,,,
846,11,3.8167,3.5667,F,P,,,,1040,1120,1110,21,26,,,,,,,
992,11,4.3253,4,F,R,,,,1340,1310,1280,29,31,,,,,1,2,2
993,11,4.368,4,M,R,,,,1360,1450,1400,30,32,,,,,8,4,3.125
994,11,3.0993,2.8571,M,R,,,,1100,1230,1230,26,27,,,,,7,5,3.428571429
995,11,3.6521,3.3929,F,R,,,,1060,1230,1070,26,25,,,,,4,4,3.75
996,11,3.9607,3.6429,F,R,,,,1020,1150,990,18,24,,,,,1,4,4
1036,11,3.3567,3.2,F,R,96,73,98,#N/A,1000,,,26,,,,,,,
1037,11,3.4829,3.2143,M,R,,,,940,1000,1060,16,21,,,,,,,
1038,11,3.2333,3.0333,F,R,,,,960,1230,1080,24,26,,,,,,,
1039,11,3.86,3.5556,F,R,90,70,76,#N/A,990,990,,23,,,,,,,
1040,11,3.2023,2.9615,M,R,,,,1050,1190,1140,,25,,,,,,,
1041,11,4.1629,3.8571,F,R,97,98,93,#N/A,1240,1090,,27,,,,,,,
1042,11,3.3764,3.1429,F,R,,,,1000,1210,1070,22,26,,,,,,,
1043,11,4.2173,3.9,M,R,,,,1360,1310,1220,28,30,,,,,,,
1044,11,4.032,4,F,R,92,85,94,#N/A,#N/A,#N/A,,,,,,,,,
1045,11,4.1,3.8,F,R,,,,1030,1220,1070,24,26,,,,,,,
2,12,3.7471,3.4524,M,F,89,86,67,820,1110,950,,23,21,,,,3,3,2.333333333
7,12,4.2863,3.9268,F,F,69,88,85,1090,1240,1140,,25,25,,,,4,4,3.25
11,12,3.8731,3.5476,F,F,95,68,98,1140,1110,1130,,25,26,,,,5,4,3.8
12,12,4.0311,3.6889,M,F,99,97,99,1390,1510,1300,,31,35,,,,4,5,4
13,12,4.306,3.9333,F,F,86,99,95,1310,1280,1240,,29,30,,,,4,5,4.25
201,12,4.1486,3.9048,F,F,,,,,1160,1050,,23,28,,,,,,
202,12,3.5427,3.25,M,F,80,91,88,,1260,1220,,28,28,,,,,,
203,12,3.0423,2.814,F,F,93,86,92,1010,1070,910,,22,25,,,,,,
204,12,3.24,2.975,M,F,68,72,94,1000,1280,1130,,22,24,,,,,,
205,12,4.07,3.8913,F,F,,,,,1170,1050,,25,27,,,,,,
206,12,3.799,3.4762,M,F,97,99,98,980,1140,1080,,25,26,,,,,,
207,12,3.9486,3.6136,F,F,86,89,77,990,1040,1040,,22,20,,,,,,
208,12,3.0752,2.8333,M,F,82,74,92,970,950,1080,,20,21,,,,,,
209,12,3.4177,3.1818,M,F,,,,,1250,1200,,26,30,,,,,,
210,12,3.3426,3.0476,M,F,74,82,92,930,1110,1010,,22,23,,,,,,
211,12,3.3859,3.1463,F,F,98,44,99,980,1200,1150,,26,28,,,,,,
212,12,2.3684,2.2,M,F,82,92,92,,,#N/A,,,21,,,,,,
213,12,3.0128,2.8372,F,F,,,,,980,900,,18,20,,,,,,
214,12,3.81,3.5238,F,F,,,,,980,930,,20,22,,,,,,
215,12,4.3867,4,F,F,96,99,96,1210,1280,1230,,26,30,,,,,,
216,12,2.9908,2.8462,M,F,,,,,,1080,,,25,,,,,,
217,12,4.3222,3.9388,F,F,89,99,94,1160,1390,1220,,30,35,,,,,,
218,12,2.8576,2.6585,F,F,93,65,94,870,1010,850,,20,20,,,,,,
219,12,3.5109,3.2273,M,F,82,74,89,1060,1160,1080,,25,27,,,,,,
220,12,4.1586,3.7955,F,F,84,81,92,1060,1140,1110,,23,25,,,,,,
221,12,3.8659,3.6136,F,F,,,,,1160,970,,26,26,,,,,,
222,12,4.1591,3.7955,M,F,96,99,99,1250,1310,1330,,28,31,,,,,,
223,12,3.8557,3.5476,M,F,99,99,99,1260,1320,1210,,29,26,,,,,,
224,12,4.097,3.8,F,F,,,,,1100,1100,,22,23,,,,,,
225,12,4.3543,4,F,F,96,99,97,1290,1350,1340,,32,33,,,,,,
226,12,3.7229,3.4286,M,F,66,99,75,970,1110,1070,,23,23,,,,,,
227,12,4.0874,3.7381,F,F,86,99,83,1070,1100,1150,,22,24,,,,,,
228,12,3.7187,3.5111,M,F,,,,,980,920,,19,18,,,,,,
229,12,2.8656,2.64,F,F,99,60,92,1030,940,990,,21,21,,,,,,
230,12,4.2459,3.9024,F,F,98,81,79,1080,1170,1160,,24,25,,,,,,
231,12,3.2151,2.9756,F,F,85,76,84,950,,990,,,27,,,,,,
232,12,2.915,2.7778,F,F,,,,,1040,990,,20,24,,,,,,
233,12,3.5477,3.25,M,F,85,83,80,1070,1090,1100,,24,26,,,,,,
234,12,4.1651,3.8085,M,F,96,99,93,1180,1260,1250,,26,26,,,,,,
235,12,4.2905,3.9091,F,F,99,94,97,1020,1260,1220,,26,29,,,,,,
236,12,3.3695,3.119,M,F,98,68,85,960,1120,1060,,22,24,,,,,,
237,12,3.2629,3.119,F,F,,,,,920,1020,,22,21,,,,,,
238,12,4.0838,3.7619,F,F,99,92,77,1070,1080,1110,,25,24,,,,,,
239,12,4.2364,3.86,F,F,99,92,99,1160,1230,1260,,29,30,,,,,,
240,12,3.45,3.1591,F,F,91,94,77,1000,1130,1060,,26,22,,,,,,
241,12,3.28,3.119,F,F,,,,,1250,1210,,25,28,,,,,,
242,12,3.5033,3.2143,F,F,63,99,94,970,1100,1110,,24,23,,,,,,
243,12,2.8786,2.6591,F,F,77,72,84,970,1010,980,,21,20,,,,,,
244,12,2.8219,2.619,F,F,95,53,87,1000,930,920,,20,20,,,,,,
245,12,2.6026,2.4186,M,F,82,96,95,1010,1040,1040,,25,22,,,,,,
247,12,3.7844,3.4667,M,P,82,91,99,1090,1280,1270,,30,32,,,,1,1,1
248,12,4.3873,4,M,P,99,99,99,1320,1340,1370,,34,35,,,,3,2,1.333333333
253,12,3.48,3.2273,F,P,98,92,99,1110,1110,1170,,29,31,,,,1,2,2
254,12,4.0727,3.7273,M,P,97,99,99,1160,1230,1240,,29,34,,,,1,2,2
255,12,4.2714,3.9286,F,P,95,77,98,1000,1110,1090,,,27,,,,1,2,2
256,12,3.6836,3.3636,M,P,85,84,79,1030,1110,1020,,27,28,,,,2,2,2
257,12,3.9107,3.5682,F,P,96,81,95,1160,1250,1080,,26,,,,,2,2,2
263,12,4.2244,3.8889,F,P,99,83,99,1050,1180,1160,,,28,,,,3,4,2.666666667
264,12,3.9726,3.6279,F,P,80,62,99,1060,1160,1110,,24,26,,,,6,5,2.666666667
265,12,3.3444,3.0732,M,P,85,96,93,1160,1210,1170,,27,28,,,,9,4,2.777777778
266,12,3.5848,3.2955,M,P,91,99,99,1090,1240,1150,,26,28,,,,5,4,2.8
272,12,3.7465,3.55,F,P,,,,,1030,#N/A,,,22,,,,1,3,3
273,12,3.4675,3.275,F,P,,,,,1020,1060,,23,20,,,,1,3,3
274,12,3.7107,3.4,M,P,73,89,92,1090,1090,1070,,23,25,,,,1,3,3
275,12,4.3455,4,F,P,91,98,98,1180,1210,1230,,31,31,,,,1,3,3
276,12,3.7652,3.4545,M,P,65,90,98,1130,1220,1260,,28,33,,,,5,4,3
277,12,4.3245,3.9545,F,P,91,95,97,1180,1260,1210,,27,29,,,,8,5,3
281,12,4.2514,3.8864,F,P,79,91,93,1180,1220,1210,,25,27,,,,4,4,3.25
283,12,3.7533,3.4762,M,P,99,94,97,1170,1310,1310,,,31,,,,3,4,3.333333333
284,12,4.3405,3.9545,F,P,93,99,99,1300,1340,1260,,31,33,,,,2,4,3.5
285,12,2.8473,2.6136,M,P,96,62,94,1150,1190,1200,,21,26,,,,2,4,3.5
286,12,4.3083,3.913,F,P,93,99,99,1300,1460,1240,,28,33,,,,2,4,3.5
288,12,3.7891,3.5,M,P,79,96,98,1220,1230,1160,,,27,,,,3,4,3.666666667
289,12,3.5862,3.2857,M,P,81,83,76,970,1090,1010,,,24,,,,3,4,3.666666667
307,12,4.3909,4,F,P,99,99,99,1400,1480,1370,,33,35,,,,1,4,4
308,12,4.1214,3.7727,F,P,,,,,,1140,,28,29,,,,1,4,4
309,12,4.0809,3.7273,M,P,85,94,88,1050,1210,1180,,27,27,,,,1,4,4
310,12,4.3423,3.9545,F,P,91,90,94,1120,1260,1140,,25,27,,,,1,4,4
311,12,3.0944,2.8837,F,P,79,76,92,1000,950,1030,,24,25,,,,1,4,4
312,12,4.2489,3.8696,F,P,87,91,99,1080,1210,1220,,30,30,,,,1,4,4
313,12,4.3513,3.9783,M,P,82,89,99,1160,1460,1260,,29,32,,,,1,4,4
314,12,4.2971,4,M,P,,,,,1320,1200,,28,31,,,,2,4,4
315,12,3.7204,3.4667,M,P,79,62,90,1010,1150,1090,,22,24,,,,3,5,4
316,12,3.6679,3.4211,F,P,99,95,99,1070,1110,1100,,28,26,,,,3,4,4
317,12,4.3242,3.9767,F,P,89,80,94,1080,1200,1140,,25,29,,,,4,4,4
318,12,4.4091,4,F,P,94,99,99,1410,1490,1440,,33,35,,,,4,4,4
319,12,4.3961,4,M,P,89,98,99,1290,1440,1340,,31,35,,,,7,5,4.142857143
326,12,2.6276,2.4286,M,P,90,80,90,,1020,1060,,23,22,,,,2,5,4.5
332,12,4.0948,3.7609,F,P,96,70,88,1060,1110,1070,,26,24,,,,2,5,5
847,12,3.4755,3.2045,F,P,92,86,71,1020,1120,#N/A,,24,24,,,,,,
848,12,4.0938,3.7619,F,P,81,81,98,1010,1110,1100,,25,25,,,,,,
849,12,4.0586,3.7143,M,P,99,69,73,990,1120,1090,,21,27,,,,,,
850,12,3.1888,2.9286,F,P,67,78,99,1040,1080,920,,,25,,,,,,
851,12,4.3057,3.9348,F,P,82,91,99,1170,,1240,,29,31,,,,,,
852,12,4.2416,3.8864,M,P,87,97,99,1300,1410,1280,,29,33,,,,,,
853,12,4.0367,3.6905,F,P,96,90,99,1130,1210,1060,,26,28,,,,,,
854,12,3.2456,2.9756,M,P,76,93,99,1100,1200,1240,,26,29,,,,,,
855,12,2.7907,2.6047,M,P,87,82,92,1010,1170,1130,,,23,,,,,,
856,12,4.0876,3.9189,F,P,97,95,97,,1200,#N/A,,,30,,,,,,
857,12,3.7705,3.5,F,P,90,85,92,1090,1140,1060,,29,26,,,,,,
858,12,3.4442,3.2558,M,P,,,,,1140,1250,,24,28,,,,,,
859,12,2.955,2.75,M,P,65,94,81,850,1030,860,,22,24,,,,,,
860,12,3.915,3.575,F,P,87,85,94,1100,1130,1180,,25,29,,,,,,
861,12,3.5995,3.3023,F,P,94,60,97,1070,1000,1060,,23,25,,,,,,
862,12,4.309,3.9762,F,P,69,90,90,1040,1150,1150,,25,30,,,,,,
863,12,3.8608,3.5385,M,P,92,88,96,1070,1150,1080,,23,26,,,,,,
864,12,3.4582,3.1591,F,P,72,93,98,1030,1020,1110,,22,24,,,,,,
865,12,3.5441,3.25,M,P,96,92,62,1020,1220,1110,,,25,,,,,,
866,12,3.9045,3.6818,M,P,,,,,1140,1050,,21,26,,,,,,
867,12,3.7996,3.4889,M,P,90,92,96,1070,1090,1110,,25,25,,,,,,
868,12,3.6054,3.3171,M,P,91,69,87,940,1180,1150,,24,26,,,,,,
869,12,3.4731,3.2143,F,P,82,74,97,950,1090,1060,,20,21,,,,,,
870,12,4.0452,3.7143,M,P,75,98,82,970,1030,1010,,22,22,,,,,,
871,12,3.3814,3.1395,F,P,61,80,96,990,1040,1030,,23,23,,,,,,
872,12,3.529,3.25,F,P,80,96,73,,1040,1010,,19,23,,,,,,
873,12,3.955,3.6136,M,P,75,75,98,1050,1090,1090,,25,28,,,,,,
874,12,4.3188,3.9524,F,P,99,96,99,1170,1320,1190,,28,31,,,,,,
875,12,3.8884,3.5526,F,P,97,83,95,1100,1170,1190,,,29,,,,,,
876,12,3.3625,3.175,F,P,92,71,78,1010,1080,#N/A,,,28,,,,,,
877,12,3.6823,3.3864,M,P,68,90,99,920,1140,1100,,24,27,,,,,,
878,12,4.3676,3.9762,F,P,92,88,97,1110,1220,1190,,28,28,,,,,,
879,12,4.2655,3.9091,F,P,99,73,92,1000,1260,1120,,28,28,,,,,,
880,12,4.2171,3.878,F,P,84,90,97,1170,1220,1210,,27,27,,,,,,
881,12,4.1284,3.8,F,P,72,82,98,950,1250,1100,,25,26,,,,,,
882,12,4.186,3.8605,F,P,78,73,90,1000,1130,1160,,26,27,,,,,,
883,12,3.8668,3.5455,M,P,98,99,99,1260,1330,#N/A,,30,32,,,,,,
884,12,3.5647,3.3023,F,P,99,77,97,1010,1100,1110,,24,27,,,,,,
885,12,4.2888,3.9767,F,P,,,,930,1230,1090,,,27,,,,,,
886,12,4.0105,3.6818,M,P,82,90,95,1290,1410,1280,,32,32,,,,,,
887,12,4.25,3.9762,F,P,,,,,1170,1110,,26,27,,,,,,
888,12,4.3173,3.9318,F,P,88,99,99,1160,1400,1210,,29,34,,,,,,
889,12,4.1951,3.8605,F,P,94,99,92,1110,1370,1260,,28,29,,,,,,
890,12,4.3098,3.9318,F,P,96,95,99,1250,1260,1280,,31,33,,,,,,
891,12,3.7409,3.4222,F,P,89,64,88,970,1100,1080,,22,22,,,,,,
892,12,3.2752,3.1667,M,P,99,91,93,,1190,#N/A,,,29,,,,,,
893,12,3.648,3.3778,F,P,82,90,82,870,1020,990,,,23,,,,,,
894,12,3.5914,3.4286,F,P,,,,,1070,1040,,23,24,,,,,,
895,12,2.8557,2.7143,F,P,,,,,1130,1160,,,29,,,,,,
896,12,3.1988,2.9615,F,P,53,80,99,980,1060,1130,,21,20,,,,,,
897,12,4.2375,3.8864,F,P,92,93,94,1130,1380,1220,,28,31,,,,,,
898,12,2.9415,2.725,F,P,94,72,77,820,920,940,,20,19,,,,,,
899,12,4.2935,3.925,M,P,71,94,99,1170,1270,1200,,28,28,,,,,,
900,12,4.266,3.9,M,P,80,94,99,1100,1240,1200,,25,28,,,,,,
901,12,3.4605,3.2045,F,P,99,75,97,1120,1100,#N/A,,26,27,,,,,,
902,12,3.3293,3.0652,F,P,99,72,99,1110,1160,1220,,25,29,,,,,,
903,12,3.1338,2.9286,M,P,66,88,85,940,1000,890,,,21,,,,,,
904,12,4.1519,3.7907,F,P,85,75,89,990,1110,1060,,23,25,,,,,,
905,12,4.1923,3.8409,F,P,80,88,97,1090,1230,#N/A,,25,25,,,,,,
906,12,3.2805,3,M,P,81,99,99,1230,1200,1150,,30,28,,,,,,
907,12,4.3982,4,M,P,92,95,99,1210,1410,1330,,29,32,,,,,,
908,12,4.0082,3.6591,M,P,,,,1340,1390,1310,,31,35,,,,,,
909,12,3.8405,3.5116,M,P,96,90,99,1200,1230,1270,,29,30,,,,,,
910,12,3.9968,3.6818,F,P,69,69,97,1020,1080,1120,,26,24,,,,,,
911,12,4.0835,3.8125,F,P,,,,,1190,1100,,25,26,,,,,,
912,12,3.4155,3.1667,F,P,94,96,83,1050,1120,1100,,,26,,,,,,
913,12,2.947,2.7442,M,P,82,80,91,840,980,900,,16,20,,,,,,
914,12,3.4527,3.1818,M,P,85,98,99,1120,1130,1220,,28,27,,,,,,
915,12,3.7658,3.4884,M,P,,,,,1210,#N/A,,,30,,,,,,
916,12,3.679,3.4146,M,P,86,99,98,1100,1210,1150,,,24,,,,,,
917,12,3.3093,3.0488,F,P,98,78,99,1130,1150,1110,,,28,,,,,,
918,12,3.214,2.95,F,P,95,87,92,1110,1110,#N/A,,,25,,,,,,
919,12,4.169,3.875,M,P,,,,,1150,970,,19,24,,,,,,
920,12,3.4382,3.1556,M,P,92,99,99,1330,1470,1380,,31,34,,,,,,
921,12,3.8445,3.5238,F,P,93,78,84,1000,1130,1040,,21,26,,,,,,
922,12,2.8368,2.6136,M,P,97,55,99,880,1100,820,,19,23,,,,,,
923,12,3.7972,3.4884,M,P,88,84,81,950,1040,1060,,22,24,,,,,,
924,12,2.9256,2.7692,F,P,,,,,1060,970,,21,21,,,,,,
925,12,3.4857,3.1905,F,P,80,97,75,1000,1020,1000,,23,22,,,,,,
926,12,4.1486,3.8095,F,P,99,92,99,1080,1200,1130,,26,29,,,,,,
927,12,3.9884,3.66,F,P,74,90,92,930,990,990,,17,20,,,,,,
928,12,3.8102,3.4884,M,P,57,86,99,1060,1220,1080,,23,27,,,,,,
929,12,4.0695,3.7273,M,P,96,99,98,1220,1400,1290,,30,34,,,,,,
930,12,3.7764,3.4545,M,P,82,64,97,1030,1150,1080,,23,26,,,,,,
931,12,4.2088,3.86,F,P,96,62,92,1080,1220,1100,,23,27,,,,,,
932,12,3.427,3.1364,F,P,81,70,93,980,1110,960,,22,25,,,,,,
933,12,4.334,3.9535,M,P,79,82,99,1060,1190,1120,,25,28,,,,,,
934,12,4.1995,3.8333,M,P,98,97,98,1140,1210,1200,,28,28,,,,,,
935,12,4.2455,3.9,F,P,67,76,94,980,1170,1150,,25,25,,,,,,
936,12,4.1314,3.7727,F,P,87,95,96,970,1080,1020,,25,24,,,,,,
937,12,3.5005,3.2273,F,P,90,66,94,990,1070,1070,,21,25,,,,,,
938,12,3.8268,3.5227,F,P,98,99,80,1060,1030,1080,,24,25,,,,,,
939,12,3.9686,3.6364,F,P,95,77,75,1050,1010,1080,,21,25,,,,,,
940,12,4.2205,3.8636,M,P,99,99,60,1110,1140,1110,,23,27,,,,,,
941,12,3.633,3.35,M,P,92,79,79,940,990,1020,,20,22,,,,,,
942,12,4.0986,3.7857,F,P,82,93,60,960,1120,1080,,23,24,,,,,,
943,12,3.4838,3.2143,M,P,84,84,71,960,1070,1040,,24,27,,,,,,
944,12,4.0598,3.75,M,P,88,90,95,1230,1220,1320,,27,31,,,,,,
945,12,4.375,4,F,P,99,99,98,1350,1480,1290,,33,35,,,,,,
946,12,3.959,3.725,M,P,,,,,1100,940,,22,24,,,,,,
947,12,4.1716,3.8372,F,P,80,99,92,1080,1100,1140,,25,26,,,,,,
948,12,3.7559,3.4318,F,P,79,86,83,1110,1090,1160,,25,25,,,,,,
949,12,3.0933,2.9286,M,P,,,,,1120,1030,,18,22,,,,,,
950,12,4.036,3.6889,F,P,82,88,61,1000,1170,1060,,22,25,,,,,,
951,12,3.695,3.3864,M,P,99,99,99,1400,1390,1390,,33,35,,,,,,
952,12,4.102,3.7627,F,P,96,54,95,1030,1170,1100,,25,24,,,,,,
953,12,4.1005,3.775,F,P,92,92,87,1010,1110,1160,,25,26,,,,,,
954,12,3.6386,3.3488,F,P,91,80,97,1030,1080,1030,,23,27,,,,,,
955,12,4.3896,4,F,P,99,99,99,1390,1480,1400,,34,36,,,,,,
956,12,3.78,3.4762,F,P,85,63,96,1060,1090,1080,,24,26,,,,,,
957,12,3.9186,3.5952,F,P,92,98,95,1190,1170,1170,,29,28,,,,,,
958,12,3.5256,3.359,F,P,93,87,95,,1070,#N/A,,,24,,,,,,
959,12,4.0057,3.6667,M,P,90,80,99,1130,1180,1250,,28,29,,,,,,
960,12,4.38,4,M,P,92,99,99,1150,1420,1360,,34,34,,,,,,
961,12,4.2171,3.881,F,P,90,83,99,1130,1200,1220,,27,30,,,,,,
962,12,4.098,3.775,F,P,82,70,91,890,1160,1090,,19,27,,,,,,
963,12,3.2716,3,F,P,82,99,97,1070,1090,1110,,25,23,,,,,,
964,12,3.8332,3.5227,F,P,82,79,91,910,1130,1020,,20,24,,,,,,
965,12,3.289,3.0238,F,P,98,80,95,950,1170,960,,25,26,,,,,,
966,12,4.1291,3.8182,M,P,,,,,1140,1050,,23,25,,,,,,
967,12,4.2793,3.8913,M,P,95,96,99,1370,1310,1310,,33,33,,,,,,
968,12,3.7274,3.4348,F,P,98,66,97,890,1160,1090,,24,26,,,,,,
969,12,2.7656,2.5349,F,P,85,89,99,1100,980,1050,,22,22,,,,,,
970,12,4.3929,4,F,P,97,99,99,1430,1520,1400,,34,,,,,,,
971,12,4.0595,3.7045,F,P,98,90,99,1200,1190,1220,,28,30,,,,,,
972,12,4.3023,3.9318,F,P,97,99,97,1210,1380,1220,,30,33,,,,,,
973,12,4.3886,4,F,P,97,90,99,1170,1480,1250,,31,35,,,,,,
974,12,3.9031,3.5897,M,P,87,99,98,1220,1270,1250,,29,27,,,,,,
975,12,4.332,3.9592,M,P,78,99,95,1240,1320,1230,,32,33,,,,,,
976,12,3.9941,3.6591,M,P,95,90,97,1170,1210,1210,,26,28,,,,,,
977,12,4.31,3.9318,M,P,98,99,90,1340,1210,1140,,23,30,,,,,,
978,12,4.1924,3.8444,M,P,99,99,99,1360,1410,1270,,34,,,,,,,
979,12,4.2438,3.9048,F,P,99,89,99,1120,1300,1260,,,33,,,,,,
980,12,3.4028,3.1395,F,P,96,70,99,1130,1110,1120,,24,28,,,,,,
981,12,4.2666,3.9286,M,P,94,99,99,1150,1370,1330,,,,,,,,,
982,12,3.606,3.325,M,P,87,83,96,1020,1050,1110,,26,27,,,,,,
983,12,4.0714,3.7273,M,P,87,99,99,,1360,1240,,29,32,,,,,,
984,12,2.8915,2.675,M,P,97,96,95,970,1040,1120,,22,25,,,,,,
985,12,3.8572,3.6744,M,P,91,98,85,1250,,#N/A,,,,,,,,,
986,12,3.8881,3.5714,M,P,,,,,1240,1170,,23,28,,,,,,
987,12,4.34,4,M,P,96,99,99,1300,1500,1380,,31,35,,,,,,
988,12,3.115,2.8478,M,P,94,96,97,1120,1130,1150,,26,28,,,,,,
989,12,4.1454,3.8049,M,P,84,90,98,1060,1310,1090,,26,30,,,,,,
990,12,4.1,3.7391,F,P,92,99,95,1200,1490,1280,,31,33,,,,,,
991,12,4.1645,3.875,M,P,,,,,1250,1220,,28,29,,,,,,
997,12,4.1633,3.8043,M,R,99,99,99,1310,1260,1400,,29,32,,,,1,4,4
998,12,4.1223,3.8864,F,R,,,,,1160,1160,,23,23,,,,2,4,4
1046,12,4.3764,4,F,R,91,73,99,1090,1250,1190,,26,31,,,,,,
1047,12,3.5886,3.2857,F,R,76,72,87,870,1050,980,,21,24,,,,,,
1048,12,2.8976,2.6667,M,R,,,,,1090,1000,,20,21,,,,,,
1049,12,3.6634,3.3864,M,R,98,91,98,1140,1280,1280,,28,30,,,,,,
1050,12,3.6547,3.4667,F,R,,,,,1020,880,,19,22,,,,,,
1051,12,3.8667,3.7692,F,R,90,90,96,,1240,#N/A,,,27,,,,,,
1052,12,3.189,2.9286,M,R,71,93,84,810,1070,870,,18,19,,,,,,
1053,12,4.248,3.902,F,R,94,84,74,1200,1260,1140,,,28,,,,,,
1054,12,3.7166,3.4091,F,R,99,99,99,1240,1330,1200,,30,32,,,,,,
1055,12,3.5133,3.2619,F,R,88,74,94,1010,1090,1100,,25,24,,,,,,
1056,12,3.321,3.0714,M,R,82,83,75,1010,1060,990,,23,23,,,,,,